timestamp,pid,%mem
2023-10-20 00:24:27,60853,0.5
2023-10-20 00:24:27,60856,0.1
2023-10-20 00:24:27,60857,0.1
2023-10-20 00:24:27,60891,0.3
2023-10-20 00:24:27,60893,0.1
2023-10-20 00:24:27,60922,1.0
2023-10-20 00:24:27,61112,0.1
2023-10-20 00:24:27,61284,0.1
2023-10-20 00:24:28,60853,0.5
2023-10-20 00:24:28,60856,0.1
2023-10-20 00:24:28,60857,0.1
2023-10-20 00:24:28,60891,0.3
2023-10-20 00:24:28,60893,0.1
2023-10-20 00:24:28,60922,1.0
2023-10-20 00:24:28,61112,0.1
2023-10-20 00:24:28,61284,0.1
2023-10-20 00:24:29,60853,0.5
2023-10-20 00:24:29,60856,0.1
2023-10-20 00:24:29,60857,0.1
2023-10-20 00:24:29,60891,0.3
2023-10-20 00:24:29,60893,0.1
2023-10-20 00:24:29,60922,1.0
2023-10-20 00:24:29,61112,0.1
2023-10-20 00:24:29,61284,0.1
2023-10-20 00:24:30,60853,0.5
2023-10-20 00:24:30,60856,0.1
2023-10-20 00:24:30,60857,0.1
2023-10-20 00:24:30,60891,0.3
2023-10-20 00:24:30,60893,0.1
2023-10-20 00:24:30,60922,1.0
2023-10-20 00:24:30,61112,0.1
2023-10-20 00:24:30,61284,0.1
2023-10-20 00:24:31,60853,0.5
2023-10-20 00:24:31,60856,0.1
2023-10-20 00:24:31,60857,0.1
2023-10-20 00:24:31,60891,0.3
2023-10-20 00:24:31,60893,0.1
2023-10-20 00:24:31,60922,1.0
2023-10-20 00:24:31,61112,0.1
2023-10-20 00:24:31,61284,0.1
2023-10-20 00:24:32,60853,0.5
2023-10-20 00:24:32,60856,0.1
2023-10-20 00:24:32,60857,0.1
2023-10-20 00:24:32,60891,0.3
2023-10-20 00:24:32,60893,0.1
2023-10-20 00:24:32,60922,1.0
2023-10-20 00:24:32,61112,0.1
2023-10-20 00:24:32,61284,0.1
2023-10-20 00:24:33,60853,0.5
2023-10-20 00:24:33,60856,0.1
2023-10-20 00:24:33,60857,0.1
2023-10-20 00:24:33,60891,0.3
2023-10-20 00:24:33,60893,0.1
2023-10-20 00:24:33,60922,1.0
2023-10-20 00:24:33,61112,0.1
2023-10-20 00:24:33,61284,0.1
2023-10-20 00:24:34,60853,0.5
2023-10-20 00:24:34,60856,0.1
2023-10-20 00:24:34,60857,0.1
2023-10-20 00:24:34,60891,0.3
2023-10-20 00:24:34,60893,0.1
2023-10-20 00:24:34,60922,1.0
2023-10-20 00:24:34,61112,0.1
2023-10-20 00:24:34,61284,0.1
2023-10-20 00:24:35,60853,0.5
2023-10-20 00:24:35,60856,0.1
2023-10-20 00:24:35,60857,0.1
2023-10-20 00:24:35,60891,0.3
2023-10-20 00:24:35,60893,0.1
2023-10-20 00:24:35,60922,1.0
2023-10-20 00:24:35,61112,0.1
2023-10-20 00:24:35,61284,0.1
2023-10-20 00:24:36,60853,0.5
2023-10-20 00:24:36,60856,0.1
2023-10-20 00:24:36,60857,0.1
2023-10-20 00:24:36,60891,0.3
2023-10-20 00:24:36,60893,0.1
2023-10-20 00:24:36,60922,1.0
2023-10-20 00:24:36,61112,0.1
2023-10-20 00:24:36,61284,0.1
